Date,AAPL,GOOGL,MSFT,AMZN,TSLA
2023-01-03 00:00:00-05:00,123.09603118896484,88.45169067382812,233.4528045654297,85.81999969482422,108.0999984741211
2023-01-04 00:00:00-05:00,124.36568450927734,87.41947937011719,223.24082946777344,85.13999938964844,113.63999938964844
2023-01-05 00:00:00-05:00,123.04680633544922,85.55358123779297,216.62448120117188,83.12000274658203,110.33999633789062
2023-01-06 00:00:00-05:00,127.57421112060547,86.68502807617188,219.17745971679688,86.08000183105469,113.05999755859375
2023-01-09 00:00:00-05:00,128.09585571289062,87.35992431640625,221.3114471435547,87.36000061035156,119.7699966430664
2023-01-10 00:00:00-05:00,128.6666717529297,87.75692749023438,222.9972381591797,89.87000274658203,118.8499984741211
2023-01-11 00:00:00-05:00,131.38314819335938,90.83368682861328,229.740234375,95.08999633789062,123.22000122070312
2023-01-12 00:00:00-05:00,131.30441284179688,90.44660949707031,232.41014099121094,95.2699966430664,123.55999755859375
2023-01-13 00:00:00-05:00,132.63308715820312,91.42919158935547,233.11172485351562,98.12000274658203,122.4000015258789
2023-01-17 00:00:00-05:00,133.79446411132812,90.60540771484375,234.20309448242188,96.05000305175781,131.49000549316406
2023-01-18 00:00:00-05:00,133.07595825195312,90.43669128417969,229.7792205810547,95.45999908447266,128.77999877929688
2023-01-19 00:00:00-05:00,133.13504028320312,92.35223388671875,225.99847412109375,93.68000030517578,127.16999816894531
2023-01-20 00:00:00-05:00,135.69398498535156,97.2849349975586,234.07644653320312,97.25,133.4199981689453
2023-01-23 00:00:00-05:00,138.88287353515625,99.04167175292969,236.3760986328125,97.5199966430664,143.75
2023-01-24 00:00:00-05:00,140.28045654296875,96.96733856201172,235.84988403320312,96.31999969482422,143.88999938964844
2023-01-25 00:00:00-05:00,139.6210479736328,94.50594329833984,234.45648193359375,97.18000030517578,144.42999267578125
2023-01-26 00:00:00-05:00,141.68789672851562,96.78868865966797,241.65748596191406,99.22000122070312,160.27000427246094
2023-01-27 00:00:00-05:00,143.6267852783203,98.62482452392578,241.81338500976562,102.23999786376953,177.89999389648438
2023-01-30 00:00:00-05:00,140.74302673339844,96.21304321289062,236.5027618408203,100.55000305175781,166.66000366210938
2023-01-31 00:00:00-05:00,142.01266479492188,98.09879302978516,241.47230529785156,103.12999725341797,173.22000122070312
2023-02-01 00:00:00-05:00,143.1346435546875,99.67686462402344,246.2859649658203,105.1500015258789,181.41000366210938
2023-02-02 00:00:00-05:00,148.43960571289062,106.93205261230469,257.8328552246094,112.91000366210938,188.27000427246094
2023-02-03 00:00:00-05:00,152.06150817871094,103.99424743652344,251.74276733398438,103.38999938964844,189.97999572753906
2023-02-06 00:00:00-05:00,149.3352508544922,102.12835693359375,250.20315551757812,102.18000030517578,194.75999450683594
2023-02-07 00:00:00-05:00,152.20916748046875,106.83279418945312,260.7171936035156,102.11000061035156,196.80999755859375
2023-02-08 00:00:00-05:00,149.5222625732422,98.62482452392578,259.9084777832031,100.05000305175781,201.2899932861328
2023-02-09 00:00:00-05:00,148.48883056640625,94.29751586914062,256.8779602050781,98.23999786376953,207.32000732421875
2023-02-10 00:00:00-05:00,148.8535614013672,93.86080932617188,256.37127685546875,97.61000061035156,196.88999938964844
2023-02-13 00:00:00-05:00,151.65298461914062,93.9005126953125,264.381103515625,99.54000091552734,194.63999938964844
2023-02-14 00:00:00-05:00,151.0122528076172,93.9699935913086,265.2093505859375,99.69999694824219,209.25
2023-02-15 00:00:00-05:00,153.11184692382812,96.21304321289062,263.089599609375,101.16000366210938,214.24000549316406
2023-02-16 00:00:00-05:00,151.51499938964844,94.79375457763672,256.0853576660156,98.1500015258789,202.0399932861328
2023-02-17 00:00:00-05:00,150.37156677246094,93.64246368408203,252.08999633789062,97.19999694824219,208.30999755859375
2023-02-21 00:00:00-05:00,146.3596649169922,91.1016616821289,246.82467651367188,94.58000183105469,197.3699951171875
2023-02-22 00:00:00-05:00,146.78350830078125,90.96269989013672,245.69154357910156,95.79000091552734,200.86000061035156
2023-02-23 00:00:00-05:00,147.26654052734375,90.20841217041016,248.87612915039062,95.81999969482422,202.07000732421875
2023-02-24 00:00:00-05:00,144.61495971679688,88.46160888671875,243.45449829101562,93.5,196.8800048828125
2023-02-27 00:00:00-05:00,145.8076629638672,89.1960678100586,244.37278747558594,93.76000213623047,207.6300048828125
2023-02-28 00:00:00-05:00,145.30496215820312,89.38463592529297,243.64987182617188,94.2300033569336,205.7100067138672
2023-03-01 00:00:00-05:00,143.23495483398438,89.68238830566406,240.57276916503906,92.16999816894531,202.77000427246094
2023-03-02 00:00:00-05:00,143.82640075683594,91.3100814819336,245.30075073242188,92.12999725341797,190.89999389648438
2023-03-03 00:00:00-05:00,148.87326049804688,92.94772338867188,249.3841094970703,94.9000015258789,197.7899932861328
2023-03-06 00:00:00-05:00,151.63328552246094,94.41661071777344,250.9275360107422,93.75,193.80999755859375
2023-03-07 00:00:00-05:00,149.43511962890625,93.15613555908203,248.27044677734375,93.55000305175781,187.7100067138672
2023-03-08 00:00:00-05:00,150.68695068359375,93.543212890625,247.8308868408203,93.91999816894531,182.0
2023-03-09 00:00:00-05:00,148.4395294189453,91.627685546875,246.48281860351562,92.25,172.9199981689453
2023-03-10 00:00:00-05:00,146.37939453125,89.95035552978516,242.839111328125,90.7300033569336,173.44000244140625
2023-03-13 00:00:00-04:00,148.32125854492188,90.4267578125,248.0457763671875,92.43000030517578,174.47999572753906
2023-03-14 00:00:00-04:00,150.41098022460938,93.26532745361328,254.7568359375,94.87999725341797,183.25999450683594
2023-03-15 00:00:00-04:00,150.80526733398438,95.3892593383789,259.29931640625,96.19999694824219,180.4499969482422
2023-03-16 00:00:00-04:00,153.62445068359375,99.56769561767578,269.81036376953125,100.04000091552734,184.1300048828125
2023-03-17 00:00:00-04:00,152.78659057617188,100.85794830322266,272.96563720703125,98.94999694824219,180.1300048828125
2023-03-20 00:00:00-04:00,155.15228271484375,100.46095275878906,265.93218994140625,97.70999908447266,183.25
2023-03-21 00:00:00-04:00,157.0054473876953,104.13319396972656,267.44635009765625,100.61000061035156,197.5800018310547
2023-03-22 00:00:00-04:00,155.57618713378906,102.59483337402344,265.9908752441406,98.69999694824219,191.14999389648438
2023-03-23 00:00:00-04:00,156.66043090820312,104.80809020996094,271.236572265625,98.70999908447266,192.22000122070312
2023-03-24 00:00:00-04:00,157.96157836914062,104.64929962158203,274.07928466796875,98.12999725341797,190.41000366210938
2023-03-27 00:00:00-04:00,156.01974487304688,101.69164276123047,269.9861755371094,98.04000091552734,191.80999755859375
2023-03-28 00:00:00-04:00,155.39869689941406,100.2723617553711,268.8628234863281,97.23999786376953,189.19000244140625
2023-03-29 00:00:00-04:00,158.4741668701172,100.6296615600586,274.0206298828125,100.25,193.8800048828125
2023-03-30 00:00:00-04:00,160.04147338867188,100.13341522216797,277.478759765625,102.0,195.27999877929688
2023-03-31 00:00:00-04:00,162.54518127441406,102.95211791992188,281.6304016113281,103.29000091552734,207.4600067138672
2023-04-03 00:00:00-04:00,163.7970428466797,103.577392578125,280.58526611328125,102.41000366210938,194.77000427246094
2023-04-04 00:00:00-04:00,163.26473999023438,103.93470001220703,280.5363464355469,103.94999694824219,192.5800018310547
2023-04-05 00:00:00-04:00,161.42144775390625,103.68656921386719,277.7620849609375,101.0999984741211,185.52000427246094
2023-04-06 00:00:00-04:00,162.30860900878906,107.60694885253906,284.85406494140625,102.05999755859375,185.05999755859375
2023-04-10 00:00:00-04:00,159.71615600585938,105.64179992675781,282.69525146484375,102.16999816894531,184.50999450683594
2023-04-11 00:00:00-04:00,158.50376892089844,104.55997467041016,276.2869567871094,99.91999816894531,186.7899932861328
2023-04-12 00:00:00-04:00,157.81375122070312,103.85529327392578,276.93170166015625,97.83000183105469,180.5399932861328
2023-04-13 00:00:00-04:00,163.1957550048828,106.6243667602539,283.1347961425781,102.4000015258789,185.89999389648438
2023-04-14 00:00:00-04:00,162.85076904296875,108.05358123779297,279.5204162597656,102.51000213623047,185.0
2023-04-17 00:00:00-04:00,162.8704833984375,105.17533874511719,282.11883544921875,102.73999786376953,187.0399932861328
2023-04-18 00:00:00-04:00,164.0927734375,103.71633911132812,281.6988525390625,102.30000305175781,184.30999755859375
2023-04-19 00:00:00-04:00,165.2362060546875,103.39875793457031,281.7769775390625,104.30000305175781,180.58999633789062
2023-04-20 00:00:00-04:00,164.2701873779297,104.50042724609375,279.4910583496094,103.80999755859375,162.99000549316406
2023-04-21 00:00:00-04:00,162.66351318359375,104.6195297241211,279.1492004394531,106.95999908447266,165.0800018310547
2023-04-24 00:00:00-04:00,162.9690704345703,105.17533874511719,275.25152587890625,106.20999908447266,162.5500030517578
2023-04-25 00:00:00-04:00,161.4313201904297,103.07122039794922,269.0484619140625,102.56999969482422,160.6699981689453
2023-04-26 00:00:00-04:00,161.42144775390625,102.93226623535156,288.53692626953125,104.9800033569336,153.75
2023-04-27 00:00:00-04:00,166.0050506591797,106.78317260742188,297.7780456542969,109.81999969482422,160.19000244140625
2023-04-28 00:00:00-04:00,167.25692749023438,106.53504943847656,300.1518249511719,105.44999694824219,164.30999755859375
2023-05-01 00:00:00-04:00,167.168212890625,106.3960952758789,298.49114990234375,102.05000305175781,161.8300018310547
2023-05-02 00:00:00-04:00,166.13320922851562,104.53018951416016,298.34466552734375,103.62999725341797,160.30999755859375
2023-05-03 00:00:00-04:00,165.0587921142578,104.6195297241211,297.3580017089844,103.6500015258789,160.61000061035156
2023-05-04 00:00:00-04:00,163.4224853515625,103.90492248535156,298.34466552734375,104.0,161.1999969482422
2023-05-05 00:00:00-04:00,171.0913848876953,104.77832794189453,303.46337890625,105.66000366210938,170.05999755859375
2023-05-08 00:00:00-04:00,171.0223846435547,106.96182250976562,301.5096435546875,105.83000183105469,171.7899932861328
2023-05-09 00:00:00-04:00,169.3170928955078,106.54496765136719,299.8978576660156,106.62000274658203,169.14999389648438
2023-05-10 00:00:00-04:00,171.08151245117188,110.91197967529297,305.0849914550781,110.19000244140625,168.5399932861328
2023-05-11 00:00:00-04:00,171.268798828125,115.69583129882812,302.93585205078125,112.18000030517578,172.0800018310547
2023-05-12 00:00:00-04:00,170.34095764160156,116.62879180908203,301.8222961425781,110.26000213623047,167.97999572753906
2023-05-15 00:00:00-04:00,169.847412109375,115.63628387451172,302.3009033203125,111.19999694824219,166.35000610351562
2023-05-16 00:00:00-04:00,169.847412109375,118.61378479003906,304.52813720703125,113.4000015258789,166.52000427246094
2023-05-17 00:00:00-04:00,170.4593963623047,119.93380737304688,307.40643310546875,115.5,173.86000061035156
2023-05-18 00:00:00-04:00,172.7888946533203,121.90889739990234,311.83154296875,118.1500015258789,176.88999938964844
2023-05-19 00:00:00-04:00,172.89749145507812,121.83941650390625,311.6553039550781,116.25,180.13999938964844
2023-05-22 00:00:00-04:00,171.9499053955078,124.11224365234375,314.4356689453125,115.01000213623047,188.8699951171875
2023-05-23 00:00:00-04:00,169.343994140625,121.64090728759766,308.6400146484375,114.98999786376953,185.77000427246094
2023-05-24 00:00:00-04:00,169.62039184570312,119.99336242675781,307.2596130371094,116.75,182.89999389648438
2023-05-25 00:00:00-04:00,170.75552368164062,122.55402374267578,319.0761413574219,115.0,184.47000122070312
2023-05-26 00:00:00-04:00,173.1639862060547,123.67555236816406,325.8998107910156,120.11000061035156,193.1699981689453
2023-05-30 00:00:00-04:00,175.0098419189453,122.74259185791016,324.25506591796875,121.66000366210938,201.16000366210938
2023-05-31 00:00:00-04:00,174.96047973632812,121.94860076904297,321.4942932128906,120.58000183105469,203.92999267578125
2023-06-01 00:00:00-04:00,177.7637939453125,122.79222106933594,325.5962829589844,122.7699966430664,207.52000427246094
2023-06-02 00:00:00-04:00,178.61270141601562,123.73509216308594,328.3570556640625,124.25,213.97000122070312
2023-06-05 00:00:00-04:00,177.26043701171875,125.06504821777344,328.8857727050781,125.30000305175781,217.61000061035156
2023-06-06 00:00:00-04:00,176.89517211914062,126.35529327392578,326.6732177734375,126.61000061035156,221.30999755859375
2023-06-07 00:00:00-04:00,175.5231475830078,121.58136749267578,316.58941650390625,121.2300033569336,224.57000732421875
2023-06-08 00:00:00-04:00,178.23757934570312,121.22407531738281,318.4299621582031,124.25,234.86000061035156
2023-06-09 00:00:00-04:00,178.62257385253906,121.3133773803711,319.9278259277344,123.43000030517578,244.39999389648438
2023-06-12 00:00:00-04:00,181.41603088378906,122.71281433105469,324.8816223144531,126.56999969482422,249.8300018310547
2023-06-13 00:00:00-04:00,180.94223022460938,122.9013900756836,327.2704162597656,126.66000366210938,258.7099914550781
2023-06-14 00:00:00-04:00,181.57395935058594,122.74259185791016,330.2563171386719,126.41999816894531,256.7900085449219
2023-06-15 00:00:00-04:00,183.60733032226562,124.15193939208984,340.7903747558594,127.11000061035156,255.89999389648438
2023-06-16 00:00:00-04:00,182.5314178466797,122.60364532470703,335.14154052734375,125.48999786376953,260.5400085449219
2023-06-20 00:00:00-04:00,182.62026977539062,122.17686462402344,330.9514465332031,125.77999877929688,274.45001220703125
2023-06-21 00:00:00-04:00,181.5838165283203,119.64598846435547,326.5556945800781,124.83000183105469,259.4599914550781
2023-06-22 00:00:00-04:00,184.5845489501953,122.22649383544922,332.5765380859375,130.14999389648438,264.6099853515625
2023-06-23 00:00:00-04:00,184.2686767578125,121.42256164550781,327.9849853515625,129.3300018310547,256.6000061035156
2023-06-26 00:00:00-04:00,182.8769073486328,117.45256042480469,321.6998291015625,127.33000183105469,241.0500030517578
2023-06-27 00:00:00-04:00,185.630859375,117.44264221191406,327.54449462890625,129.17999267578125,250.2100067138672
2023-06-28 00:00:00-04:00,186.80552673339844,119.27877044677734,328.797607421875,129.0399932861328,256.239990234375
2023-06-29 00:00:00-04:00,187.14105224609375,118.20686340332031,328.0143737792969,127.9000015258789,257.5
2023-06-30 00:00:00-04:00,191.4645233154297,118.8023681640625,333.38916015625,130.36000061035156,261.7699890136719
2023-07-03 00:00:00-04:00,189.9740447998047,119.00086975097656,330.8926696777344,130.22000122070312,279.82000732421875
2023-07-05 00:00:00-04:00,188.858642578125,120.83698272705078,331.04931640625,130.3800048828125,282.4800109863281
2023-07-06 00:00:00-04:00,189.33242797851562,119.20928955078125,334.1038513183594,128.36000061035156,276.5400085449219
2023-07-07 00:00:00-04:00,188.21701049804688,118.58401489257812,330.13885498046875,129.77999877929688,274.42999267578125
2023-07-10 00:00:00-04:00,186.1737518310547,115.57673645019531,324.8620300292969,127.12999725341797,269.6099853515625
2023-07-11 00:00:00-04:00,185.650634765625,116.26156616210938,325.4885559082031,128.77999877929688,269.7900085449219
2023-07-12 00:00:00-04:00,187.3187713623047,118.03813171386719,330.1192932128906,130.8000030517578,271.989990234375
2023-07-13 00:00:00-04:00,188.0788116455078,123.60606384277344,335.464599609375,134.3000030517578,277.8999938964844
2023-07-14 00:00:00-04:00,188.22689819335938,124.4794692993164,337.99041748046875,134.67999267578125,281.3800048828125
2023-07-17 00:00:00-04:00,191.48426818847656,123.71524810791016,338.47015380859375,133.55999755859375,290.3800048828125
2023-07-18 00:00:00-04:00,191.22763061523438,122.8319091796875,351.9411926269531,132.8300018310547,293.3399963378906
2023-07-19 00:00:00-04:00,192.57994079589844,121.1148910522461,347.6238098144531,135.36000061035156,291.260009765625
2023-07-20 00:00:00-04:00,190.63539123535156,118.30611419677734,339.58624267578125,129.9600067138672,262.8999938964844
2023-07-21 00:00:00-04:00,189.46075439453125,119.1199722290039,336.5513000488281,130.0,260.0199890136719
2023-07-24 00:00:00-04:00,190.26028442382812,120.61863708496094,337.8631286621094,128.8000030517578,269.05999755859375
2023-07-25 00:00:00-04:00,191.1190643310547,121.29353332519531,343.6098937988281,129.1300048828125,265.2799987792969
2023-07-26 00:00:00-04:00,191.9876708984375,128.3006134033203,330.6772155761719,128.14999389648438,264.3500061035156
2023-07-27 00:00:00-04:00,190.72422790527344,128.4296417236328,323.77532958984375,128.25,255.7100067138672
2023-07-28 00:00:00-04:00,193.30050659179688,131.58578491210938,331.26470947265625,132.2100067138672,266.44000244140625
2023-07-31 00:00:00-04:00,193.91250610351562,131.72470092773438,328.8661193847656,133.67999267578125,267.42999267578125
2023-08-01 00:00:00-04:00,193.08334350585938,130.56349182128906,329.27734375,131.69000244140625,261.07000732421875
2023-08-02 00:00:00-04:00,190.09246826171875,127.41726684570312,320.6229553222656,128.2100067138672,254.11000061035156
2023-08-03 00:00:00-04:00,188.70068359375,127.48674774169922,319.80059814453125,128.91000366210938,259.32000732421875
2023-08-04 00:00:00-04:00,179.6392822265625,127.1492919921875,320.8970947265625,139.57000732421875,253.86000061035156
2023-08-07 00:00:00-04:00,176.5398406982422,130.54364013671875,323.1781005859375,142.22000122070312,251.4499969482422
2023-08-08 00:00:00-04:00,177.47755432128906,130.4146270751953,319.203369140625,139.94000244140625,249.6999969482422
2023-08-09 00:00:00-04:00,175.8883819580078,128.6876678466797,315.4636535644531,137.85000610351562,242.19000244140625
2023-08-10 00:00:00-04:00,175.6711883544922,128.7174530029297,316.14892578125,138.55999755859375,245.33999633789062
2023-08-11 00:00:00-04:00,175.73049926757812,128.58843994140625,314.269287109375,138.41000366210938,242.64999389648438
2023-08-14 00:00:00-04:00,177.38116455078125,130.3451690673828,317.2355651855469,140.57000732421875,239.75999450683594
2023-08-15 00:00:00-04:00,175.39443969726562,128.8067626953125,315.1013488769531,137.6699981689453,232.9600067138672
2023-08-16 00:00:00-04:00,174.52464294433594,127.73487091064453,314.33612060546875,135.07000732421875,225.60000610351562
2023-08-17 00:00:00-04:00,171.98440551757812,128.9457244873047,310.88275146484375,133.97999572753906,219.22000122070312
2023-08-18 00:00:00-04:00,172.46873474121094,126.5041732788086,310.49029541015625,133.22000122070312,215.49000549316406
2023-08-21 00:00:00-04:00,173.8031005859375,127.40734100341797,315.7882080078125,134.67999267578125,231.27999877929688
2023-08-22 00:00:00-04:00,175.17698669433594,128.11203002929688,316.3571472167969,134.25,233.19000244140625
2023-08-23 00:00:00-04:00,179.0219268798828,131.37734985351562,320.8112487792969,135.52000427246094,236.86000061035156
2023-08-24 00:00:00-04:00,174.3368682861328,128.8067626953125,313.914306640625,131.83999633789062,230.0399932861328
2023-08-25 00:00:00-04:00,176.541015625,128.90603637695312,316.8673400878906,133.25999450683594,238.58999633789062
2023-08-28 00:00:00-04:00,178.1027069091797,130.0275421142578,317.5736999511719,133.13999938964844,238.82000732421875
2023-08-29 00:00:00-04:00,181.98716735839844,133.56085205078125,322.194580078125,134.91000366210938,257.17999267578125
2023-08-30 00:00:00-04:00,185.4762725830078,134.8610382080078,322.5673828125,135.07000732421875,256.8999938964844
2023-08-31 00:00:00-04:00,185.69374084472656,135.14883422851562,321.5568542480469,138.00999450683594,258.0799865722656
2023-09-01 00:00:00-04:00,187.26531982421875,134.64266967773438,322.4398193359375,138.1199951171875,245.00999450683594
2023-09-05 00:00:00-04:00,187.5025177001953,134.7518768310547,327.2372741699219,137.27000427246094,256.489990234375
2023-09-06 00:00:00-04:00,180.79119873046875,133.45169067382812,326.5800476074219,135.36000061035156,251.9199981689453
2023-09-07 00:00:00-04:00,175.50315856933594,134.24566650390625,323.66619873046875,137.85000610351562,251.49000549316406
2023-09-08 00:00:00-04:00,176.115966796875,135.35728454589844,327.9436340332031,138.22999572753906,248.5
2023-09-11 00:00:00-04:00,177.28231811523438,135.8932342529297,331.5442199707031,143.10000610351562,273.5799865722656
2023-09-12 00:00:00-04:00,174.2577667236328,134.32508850097656,325.4909362792969,141.22999572753906,267.4800109863281
2023-09-13 00:00:00-04:00,172.1919708251953,135.68479919433594,329.6998291015625,144.85000610351562,271.29998779296875
2023-09-14 00:00:00-04:00,173.7042694091797,137.0643768310547,332.289794921875,144.72000122070312,276.0400085449219
2023-09-15 00:00:00-04:00,172.98268127441406,136.36962890625,323.9703063964844,140.38999938964844,274.3900146484375
2023-09-18 00:00:00-04:00,175.90841674804688,137.173583984375,322.8322448730469,139.97999572753906,265.2799987792969
2023-09-19 00:00:00-04:00,176.9956817626953,137.00479125976562,322.4300231933594,137.6300048828125,266.5
2023-09-20 00:00:00-04:00,173.4571533203125,132.73709106445312,314.69915771484375,135.2899932861328,262.5899963378906
2023-09-21 00:00:00-04:00,171.9152069091797,129.4618377685547,313.4825744628906,129.3300018310547,255.6999969482422
2023-09-22 00:00:00-04:00,172.76524353027344,129.27325439453125,311.0103454589844,129.1199951171875,244.8800048828125
2023-09-25 00:00:00-04:00,174.04029846191406,130.12680053710938,311.5303039550781,131.27000427246094,246.99000549316406
2023-09-26 00:00:00-04:00,169.96804809570312,127.60585021972656,306.2324523925781,125.9800033569336,244.1199951171875
2023-09-27 00:00:00-04:00,168.45578002929688,129.56106567382812,306.8702087402344,125.9800033569336,240.5
2023-09-28 00:00:00-04:00,168.71273803710938,131.3177947998047,307.7041015625,125.9800033569336,246.3800048828125
2023-09-29 00:00:00-04:00,169.22674560546875,129.878662109375,309.7741394042969,127.12000274658203,250.22000122070312
2023-10-02 00:00:00-04:00,171.7373046875,133.16384887695312,315.70965576171875,129.4600067138672,251.60000610351562
2023-10-03 00:00:00-04:00,170.40292358398438,131.43690490722656,307.4588317871094,124.72000122070312,246.52999877929688
2023-10-04 00:00:00-04:00,171.64833068847656,134.225830078125,312.9233703613281,127.0,261.1600036621094
2023-10-05 00:00:00-04:00,172.88385009765625,134.05711364746094,313.3157958984375,125.95999908447266,260.04998779296875
2023-10-06 00:00:00-04:00,175.43399047851562,136.54827880859375,321.0663146972656,127.95999908447266,260.5299987792969
2023-10-09 00:00:00-04:00,176.91659545898438,137.3819580078125,323.577880859375,128.25999450683594,259.6700134277344
2023-10-10 00:00:00-04:00,176.3235626220703,137.02468872070312,322.1749572753906,129.47999572753906,263.6199951171875
2023-10-11 00:00:00-04:00,177.7172088623047,139.4960174560547,326.1286926269531,131.8300018310547,262.989990234375
2023-10-12 00:00:00-04:00,178.61668395996094,137.9278564453125,324.89251708984375,132.3300018310547,258.8699951171875
2023-10-13 00:00:00-04:00,176.77822875976562,136.32992553710938,321.5274658203125,129.7899932861328,251.1199951171875
2023-10-16 00:00:00-04:00,176.64971923828125,138.056884765625,326.3445129394531,132.5500030517578,253.9199981689453
2023-10-17 00:00:00-04:00,175.09791564941406,138.67222595214844,325.77545166015625,131.47000122070312,254.85000610351562
2023-10-18 00:00:00-04:00,173.8031005859375,136.9254150390625,323.8623962402344,128.1300048828125,242.67999267578125
2023-10-19 00:00:00-04:00,173.42750549316406,136.7169952392578,325.04949951171875,128.39999389648438,220.11000061035156
2023-10-20 00:00:00-04:00,170.87741088867188,134.58311462402344,320.48748779296875,125.16999816894531,211.99000549316406
2023-10-23 00:00:00-04:00,170.99598693847656,135.47637939453125,323.08734130859375,126.55999755859375,212.0800018310547
2023-10-24 00:00:00-04:00,171.430908203125,137.76904296875,324.27447509765625,128.55999755859375,216.52000427246094
2023-10-25 00:00:00-04:00,169.11801147460938,124.66804504394531,334.2225646972656,121.38999938964844,212.4199981689453
2023-10-26 00:00:00-04:00,164.95675659179688,121.3630142211914,321.6843566894531,119.56999969482422,205.75999450683594
2023-10-27 00:00:00-04:00,166.27137756347656,121.25383758544922,323.56805419921875,127.73999786376953,207.3000030517578
2023-10-30 00:00:00-04:00,168.31736755371094,123.52666473388672,330.9261474609375,132.7100067138672,197.36000061035156
2023-10-31 00:00:00-04:00,168.7918243408203,123.1495132446289,331.71099853515625,133.08999633789062,200.83999633789062
2023-11-01 00:00:00-04:00,171.95477294921875,125.5017318725586,339.5202941894531,137.0,205.66000366210938
2023-11-02 00:00:00-04:00,175.5130615234375,126.53394317626953,341.72772216796875,138.07000732421875,218.50999450683594
2023-11-03 00:00:00-04:00,174.60369873046875,128.13186645507812,346.1229553222656,138.60000610351562,219.9600067138672
2023-11-06 00:00:00-05:00,177.15382385253906,129.27325439453125,349.7823486328125,139.74000549316406,219.27000427246094
2023-11-07 00:00:00-05:00,179.71383666992188,129.98785400390625,353.70660400390625,142.7100067138672,222.17999267578125
2023-11-08 00:00:00-05:00,180.77142333984375,130.851318359375,356.3261413574219,142.0800018310547,222.11000061035156
2023-11-09 00:00:00-05:00,180.29701232910156,129.26333618164062,353.8636779785156,140.60000610351562,209.97999572753906
2023-11-10 00:00:00-05:00,184.4834747314453,131.595703125,362.6736755371094,143.55999755859375,214.64999389648438
2023-11-13 00:00:00-05:00,182.89993286132812,131.09945678710938,359.740234375,142.58999633789062,223.7100067138672
2023-11-14 00:00:00-05:00,185.5128173828125,132.6179962158203,363.2622985839844,145.8000030517578,237.41000366210938
2023-11-15 00:00:00-05:00,186.07691955566406,133.6104736328125,363.4097900390625,143.1999969482422,242.83999633789062
2023-11-16 00:00:00-05:00,187.75949096679688,135.90313720703125,369.7996826171875,142.8300018310547,233.58999633789062
2023-11-17 00:00:00-05:00,187.7396697998047,134.2952880859375,363.58673095703125,145.17999267578125,234.3000030517578
2023-11-20 00:00:00-05:00,189.48159790039062,135.22825622558594,371.0481872558594,146.1300048828125,235.60000610351562
2023-11-21 00:00:00-05:00,188.67990112304688,135.94285583496094,366.752197265625,143.89999389648438,241.1999969482422
2023-11-22 00:00:00-05:00,189.343017578125,137.45144653320312,371.45123291015625,146.7100067138672,234.2100067138672
2023-11-24 00:00:00-05:00,188.01678466796875,135.66494750976562,371.03839111328125,146.74000549316406,235.4499969482422
2023-11-27 00:00:00-05:00,187.83863830566406,135.3870391845703,372.1983947753906,147.72999572753906,236.0800018310547
2023-11-28 00:00:00-05:00,188.44235229492188,136.17112731933594,376.2191467285156,147.02999877929688,246.72000122070312
2023-11-29 00:00:00-05:00,187.4229736328125,133.9777069091797,372.434326171875,146.32000732421875,244.13999938964844
2023-11-30 00:00:00-05:00,187.99696350097656,131.53616333007812,372.49334716796875,146.08999633789062,240.0800018310547
2023-12-01 00:00:00-05:00,189.2737274169922,130.87118530273438,368.1678466796875,147.02999877929688,238.8300018310547
2023-12-04 00:00:00-05:00,187.48233032226562,128.3006134033203,362.8887939453125,144.83999633789062,235.5800018310547
2023-12-05 00:00:00-05:00,191.43130493164062,130.0076904296875,366.2114562988281,146.8800048828125,238.72000122070312
2023-12-06 00:00:00-05:00,190.34263610839844,129.0449676513672,362.55450439453125,144.52000427246094,239.3699951171875
2023-12-07 00:00:00-05:00,192.27259826660156,135.90313720703125,364.6680908203125,146.8800048828125,242.63999938964844
2023-12-08 00:00:00-05:00,193.69776916503906,133.9777069091797,367.89263916015625,147.4199981689453,243.83999633789062
2023-12-11 00:00:00-05:00,191.19378662109375,132.2904510498047,365.0121765136719,145.88999938964844,239.74000549316406
2023-12-12 00:00:00-05:00,192.7080841064453,131.52622985839844,368.0400390625,147.47999572753906,237.00999450683594
2023-12-13 00:00:00-05:00,195.92462158203125,131.5758819580078,368.03021240234375,148.83999633789062,239.2899932861328
2023-12-14 00:00:00-05:00,196.07310485839844,130.95059204101562,359.7331237792969,147.4199981689453,251.0500030517578
2023-12-15 00:00:00-05:00,195.5386505126953,131.60560607910156,364.4518127441406,149.97000122070312,253.5
2023-12-18 00:00:00-05:00,193.87591552734375,134.78163146972656,366.33929443359375,154.07000732421875,252.0800018310547
2023-12-19 00:00:00-05:00,194.91513061523438,135.625244140625,366.9389953613281,153.7899932861328,257.2200012207031
2023-12-20 00:00:00-05:00,192.82681274414062,137.3025665283203,364.34368896484375,152.1199951171875,247.13999938964844
2023-12-21 00:00:00-05:00,192.67835998535156,139.36697387695312,367.2142333984375,153.83999633789062,254.5
2023-12-22 00:00:00-05:00,191.60946655273438,140.42897033691406,368.23663330078125,153.4199981689453,252.5399932861328
2023-12-26 00:00:00-05:00,191.0651397705078,140.458740234375,368.3153076171875,153.41000366210938,256.6099853515625
2023-12-27 00:00:00-05:00,191.1641082763672,139.31736755371094,367.7352294921875,153.33999633789062,261.44000244140625
2023-12-28 00:00:00-05:00,191.5896759033203,139.1784210205078,368.9248046875,153.3800048828125,253.17999267578125
2023-12-29 00:00:00-05:00,190.55047607421875,138.6424560546875,369.6719665527344,151.94000244140625,248.47999572753906
2024-01-02 00:00:00-05:00,183.73130798339844,137.1338653564453,364.5893859863281,149.92999267578125,248.4199981689453
2024-01-03 00:00:00-05:00,182.35560607910156,137.8782196044922,364.3240966796875,148.47000122070312,238.4499969482422
2024-01-04 00:00:00-05:00,180.0396728515625,135.36720275878906,361.70904541015625,144.57000732421875,237.92999267578125
2024-01-05 00:00:00-05:00,179.31716918945312,134.71214294433594,361.5222473144531,145.24000549316406,237.49000549316406
2024-01-08 00:00:00-05:00,183.65213012695312,137.798828125,368.3447570800781,149.10000610351562,240.4499969482422
2024-01-09 00:00:00-05:00,183.23646545410156,139.8930206298828,369.4261474609375,151.3699951171875,234.9600067138672
2024-01-10 00:00:00-05:00,184.275634765625,141.2130584716797,376.2879333496094,153.72999572753906,233.94000244140625
2024-01-11 00:00:00-05:00,183.6818084716797,141.01454162597656,378.116455078125,155.17999267578125,227.22000122070312
2024-01-12 00:00:00-05:00,184.0084228515625,141.5802459716797,381.8914489746094,154.6199951171875,218.88999938964844
2024-01-16 00:00:00-05:00,181.74197387695312,141.4214630126953,383.66094970703125,153.16000366210938,219.91000366210938
2024-01-17 00:00:00-05:00,180.80174255371094,140.40911865234375,382.8744812011719,151.7100067138672,215.5500030517578
2024-01-18 00:00:00-05:00,186.69058227539062,142.40403747558594,387.1999816894531,153.5,211.8800048828125
2024-01-19 00:00:00-05:00,189.59043884277344,145.2822723388672,391.9186706542969,155.33999633789062,212.19000244140625
2024-01-22 00:00:00-05:00,191.89646911621094,144.8952178955078,389.7952880859375,154.77999877929688,208.8000030517578
2024-01-23 00:00:00-05:00,193.1732177734375,145.9373321533203,392.1447448730469,156.02000427246094,209.13999938964844
2024-01-24 00:00:00-05:00,192.5001983642578,147.5848846435547,395.7427978515625,156.8699951171875,207.8300018310547
2024-01-25 00:00:00-05:00,192.17359924316406,150.7311248779297,398.01373291015625,157.75,182.6300048828125
2024-01-26 00:00:00-05:00,190.44158935546875,151.04873657226562,397.089599609375,159.1199951171875,183.25
2024-01-29 00:00:00-05:00,189.75869750976562,152.35882568359375,402.78155517578125,161.25999450683594,190.92999267578125
2024-01-30 00:00:00-05:00,186.1066131591797,150.32420349121094,401.6706237792969,159.0,191.58999633789062
2024-01-31 00:00:00-05:00,182.50404357910156,139.0493927001953,390.84716796875,155.1999969482422,187.2899932861328
2024-02-01 00:00:00-05:00,184.9387664794922,140.1014404296875,396.942138671875,159.27999877929688,188.86000061035156
2024-02-02 00:00:00-05:00,183.9391632080078,141.31228637695312,404.25616455078125,171.80999755859375,187.91000366210938
2024-02-05 00:00:00-05:00,185.7503204345703,142.6025390625,398.7804260253906,170.30999755859375,181.05999755859375
2024-02-06 00:00:00-05:00,187.3536834716797,143.01939392089844,398.6231689453125,169.14999389648438,185.10000610351562
2024-02-07 00:00:00-05:00,187.46253967285156,144.44859313964844,407.0382385253906,170.52999877929688,187.5800018310547
2024-02-08 00:00:00-05:00,186.38375854492188,144.81582641601562,407.0971984863281,169.83999633789062,189.55999755859375
2024-02-09 00:00:00-05:00,187.1468048095703,147.8826446533203,413.4281311035156,174.4499969482422,193.57000732421875
2024-02-12 00:00:00-05:00,185.46212768554688,146.42364501953125,408.22772216796875,172.33999633789062,188.1300048828125
2024-02-13 00:00:00-05:00,183.3711700439453,144.05157470703125,399.43914794921875,168.63999938964844,184.02000427246094
2024-02-14 00:00:00-05:00,182.48919677734375,144.84559631347656,403.29986572265625,170.97999572753906,188.7100067138672
2024-02-15 00:00:00-05:00,182.20181274414062,141.69937133789062,400.4141540527344,169.8000030517578,200.4499969482422
2024-02-16 00:00:00-05:00,180.66575622558594,139.4662322998047,397.951904296875,169.50999450683594,199.9499969482422
2024-02-20 00:00:00-05:00,179.9225616455078,140.0617218017578,396.7011413574219,167.0800018310547,193.75999450683594
2024-02-21 00:00:00-05:00,180.67572021484375,141.48098754882812,396.10040283203125,168.58999633789062,194.77000427246094
2024-02-22 00:00:00-05:00,182.70721435546875,143.0094757080078,405.4272155761719,174.5800018310547,197.41000366210938
2024-02-23 00:00:00-05:00,180.8739013671875,142.8804473876953,404.13702392578125,174.99000549316406,191.97000122070312
2024-02-26 00:00:00-05:00,179.52618408203125,136.5383758544922,401.3793640136719,174.72999572753906,199.39999389648438
2024-02-27 00:00:00-05:00,180.98289489746094,137.8385467529297,401.3202819824219,173.5399932861328,199.72999572753906
2024-02-28 00:00:00-05:00,179.78378295898438,135.35728454589844,401.5566101074219,173.16000366210938,202.0399932861328
2024-02-29 00:00:00-05:00,179.11985778808594,137.4216766357422,407.38714599609375,176.75999450683594,201.8800048828125
2024-03-01 00:00:00-05:00,178.03970336914062,136.11158752441406,409.2190246582031,178.22000122070312,202.63999938964844
2024-03-04 00:00:00-05:00,173.5208282470703,132.34999084472656,408.64776611328125,177.5800018310547,188.13999938964844
2024-03-05 00:00:00-05:00,168.58572387695312,131.6750946044922,396.5632019042969,174.1199951171875,180.74000549316406
2024-03-06 00:00:00-05:00,167.59474182128906,130.4146270751953,396.0117492675781,173.50999450683594,176.5399932861328
2024-03-07 00:00:00-05:00,167.475830078125,133.37228393554688,402.9551696777344,176.82000732421875,178.64999389648438
2024-03-08 00:00:00-05:00,169.1902313232422,134.39454650878906,400.079345703125,175.35000610351562,175.33999633789062
2024-03-11 00:00:00-04:00,171.19200134277344,136.63758850097656,398.4049377441406,171.9600067138672,177.77000427246094
2024-03-12 00:00:00-04:00,171.6676788330078,137.46139526367188,409.0023498535156,175.38999938964844,177.5399932861328
2024-03-13 00:00:00-04:00,169.58663940429688,138.74171447753906,408.8251037597656,176.55999755859375,169.47999572753906
2024-03-14 00:00:00-04:00,171.4397430419922,142.0269012451172,418.7921142578125,178.75,162.5
2024-03-15 00:00:00-04:00,171.0631866455078,140.12127685546875,410.1250915527344,174.4199981689453,163.57000732421875
2024-03-18 00:00:00-04:00,172.15325927734375,146.57254028320312,411.011474609375,174.47999572753906,173.8000030517578
2024-03-19 00:00:00-04:00,174.49197387695312,145.9274139404297,415.0397033691406,175.89999389648438,171.32000732421875
2024-03-20 00:00:00-04:00,177.05859375,147.62460327148438,418.8019104003906,178.14999389648438,175.66000366210938
2024-03-21 00:00:00-04:00,169.82444763183594,146.49314880371094,422.87933349609375,178.14999389648438,172.82000732421875
2024-03-22 00:00:00-04:00,170.7262420654297,149.63937377929688,422.2588806152344,178.8699951171875,170.8300018310547
2024-03-25 00:00:00-04:00,169.30914306640625,148.94464111328125,416.4678039550781,179.7100067138672,172.6300048828125
2024-03-26 00:00:00-04:00,168.179443359375,149.5401153564453,415.27606201171875,178.3000030517578,177.6699981689453
2024-03-27 00:00:00-04:00,171.7469482421875,149.73861694335938,415.0593566894531,179.8300018310547,179.8300018310547
2024-03-28 00:00:00-04:00,169.93345642089844,149.7981719970703,414.3600769042969,180.3800048828125,175.7899932861328
2024-04-01 00:00:00-04:00,168.49655151367188,154.323974609375,418.15191650390625,180.97000122070312,175.22000122070312
2024-04-02 00:00:00-04:00,167.3172607421875,153.4009552001953,415.0692443847656,180.69000244140625,166.6300048828125
2024-04-03 00:00:00-04:00,168.1199493408203,153.75823974609375,414.0942077636719,182.41000366210938,168.3800048828125
2024-04-04 00:00:00-04:00,167.29747009277344,149.4011688232422,411.56304931640625,180.0,171.11000061035156
2024-04-05 00:00:00-04:00,168.05059814453125,151.35638427734375,419.0875244140625,185.07000732421875,164.89999389648438
2024-04-08 00:00:00-04:00,166.9307861328125,153.6887664794922,418.171630859375,185.19000244140625,172.97999572753906
2024-04-09 00:00:00-04:00,168.13978576660156,155.4256591796875,419.8360595703125,185.6699981689453,176.8800048828125
2024-04-10 00:00:00-04:00,166.26681518554688,154.96910095214844,416.8617858886719,185.9499969482422,171.75999450683594
2024-04-11 00:00:00-04:00,173.46136474609375,158.21458435058594,421.46112060546875,189.0500030517578,174.60000610351562
2024-04-12 00:00:00-04:00,174.95774841308594,156.5471649169922,415.5222473144531,186.1300048828125,171.0500030517578
2024-04-15 00:00:00-04:00,171.13253784179688,153.69869995117188,407.38714599609375,183.6199951171875,161.47999572753906
2024-04-16 00:00:00-04:00,167.85240173339844,153.24215698242188,408.31292724609375,183.32000732421875,157.11000061035156
2024-04-17 00:00:00-04:00,166.48483276367188,154.30410766601562,405.61431884765625,181.27999877929688,155.4499969482422
2024-04-18 00:00:00-04:00,165.53350830078125,154.840087890625,398.1587829589844,179.22000122070312,149.92999267578125
2024-04-19 00:00:00-04:00,163.51190185546875,152.93447875976562,393.08660888671875,174.6300048828125,147.0500030517578
2024-04-22 00:00:00-04:00,164.3443145751953,155.10804748535156,394.8988342285156,177.22999572753906,142.0500030517578
2024-04-23 00:00:00-04:00,165.39476013183594,157.07321166992188,401.40887451171875,179.5399932861328,144.67999267578125
2024-04-24 00:00:00-04:00,167.49563598632812,157.9366912841797,402.8763732910156,176.58999633789062,162.1300048828125
2024-04-25 00:00:00-04:00,168.35780334472656,154.83013916015625,393.0078125,173.6699981689453,170.17999267578125
2024-04-26 00:00:00-04:00,167.7731170654297,170.66055297851562,400.1778259277344,179.6199951171875,168.2899932861328
2024-04-29 00:00:00-04:00,171.93524169921875,164.90402221679688,396.1693420410156,180.9600067138672,194.0500030517578
2024-04-30 00:00:00-04:00,168.7938232421875,161.559326171875,383.4446105957031,175.0,183.27999877929688
2024-05-01 00:00:00-04:00,167.7731170654297,162.63119506835938,388.9698181152344,179.0,179.99000549316406
2024-05-02 00:00:00-04:00,171.46949768066406,165.37049865722656,391.82598876953125,184.72000122070312,180.00999450683594
2024-05-03 00:00:00-04:00,181.72613525390625,165.98587036132812,400.51263427734375,186.2100067138672,181.19000244140625
2024-05-06 00:00:00-04:00,180.0712127685547,166.8394317626953,407.28863525390625,188.6999969482422,184.75999450683594
2024-05-07 00:00:00-04:00,180.75497436523438,169.96578979492188,403.15216064453125,188.75999450683594,177.80999755859375
2024-05-08 00:00:00-04:00,181.0919189453125,168.1098175048828,404.3340148925781,188.0,174.72000122070312
2024-05-09 00:00:00-04:00,182.90541076660156,168.6854705810547,406.0870666503906,189.5,171.97000122070312
2024-05-10 00:00:00-04:00,181.64515686035156,167.3852996826172,408.470458984375,187.47999572753906,168.47000122070312
2024-05-13 00:00:00-04:00,184.85035705566406,167.87161254882812,407.4659118652344,186.57000732421875,171.88999938964844
2024-05-14 00:00:00-04:00,185.99154663085938,169.06260681152344,410.26300048828125,187.07000732421875,177.5500030517578
2024-05-15 00:00:00-04:00,188.2639617919922,171.21633911132812,417.4360046386719,185.99000549316406,173.99000549316406
2024-05-16 00:00:00-04:00,188.38304138183594,172.87380981445312,415.3739013671875,183.6300048828125,174.83999633789062
2024-05-17 00:00:00-04:00,188.41281127929688,174.73973083496094,414.60430908203125,184.6999969482422,177.4600067138672
2024-05-20 00:00:00-04:00,189.57382202148438,175.59327697753906,419.6658630371094,183.5399932861328,174.9499969482422
2024-05-21 00:00:00-04:00,190.873779296875,176.51629638671875,423.3165283203125,183.14999389648438,186.60000610351562
2024-05-22 00:00:00-04:00,189.4348907470703,175.05731201171875,424.7767639160156,183.1300048828125,180.11000061035156
2024-05-23 00:00:00-04:00,185.44577026367188,172.24853515625,421.3037414550781,181.0500030517578,173.74000549316406
2024-05-24 00:00:00-04:00,188.52195739746094,173.677734375,424.42156982421875,180.75,179.24000549316406
2024-05-28 00:00:00-04:00,188.5319061279297,175.07716369628906,424.5794677734375,182.14999389648438,176.75
2024-05-29 00:00:00-04:00,188.82958984375,174.58090209960938,423.4447937011719,182.02000427246094,176.19000244140625
2024-05-30 00:00:00-04:00,189.8218994140625,170.8193359375,409.13824462890625,179.32000732421875,178.7899932861328
2024-05-31 00:00:00-04:00,190.77455139160156,171.20640563964844,409.5920715332031,176.44000244140625,178.0800018310547
2024-06-03 00:00:00-04:00,192.54087829589844,171.87136840820312,408.0035095214844,178.33999633789062,176.2899932861328
2024-06-04 00:00:00-04:00,192.8584442138672,172.48672485351562,410.51953125,179.33999633789062,174.77000427246094
2024-06-05 00:00:00-04:00,194.3667755126953,174.0945587158203,418.3536376953125,181.27999877929688,175.0
2024-06-06 00:00:00-04:00,192.98744201660156,175.40469360351562,418.8567810058594,185.0,177.94000244140625
2024-06-07 00:00:00-04:00,195.37893676757812,173.15171813964844,418.19573974609375,184.3000030517578,177.47999572753906
2024-06-10 00:00:00-04:00,191.63787841796875,173.89694213867188,422.1620788574219,187.05999755859375,173.7899932861328
2024-06-11 00:00:00-04:00,205.5601806640625,175.49668884277344,426.907958984375,187.22999572753906,170.66000366210938
2024-06-12 00:00:00-04:00,211.43475341796875,176.6592559814453,435.1761474609375,186.88999938964844,177.2899932861328
2024-06-13 00:00:00-04:00,212.59576416015625,174.04598999023438,435.689208984375,183.8300018310547,182.47000122070312
2024-06-14 00:00:00-04:00,210.85923767089844,175.6656036376953,436.6659851074219,183.66000366210938,178.00999450683594
2024-06-17 00:00:00-04:00,215.00714111328125,176.1127471923828,442.3886413574219,184.05999755859375,187.44000244140625
2024-06-18 00:00:00-04:00,212.6453857421875,173.97642517089844,440.3857421875,182.80999755859375,184.86000061035156
2024-06-20 00:00:00-04:00,208.07077026367188,175.17874145507812,439.7542724609375,186.10000610351562,181.57000732421875
2024-06-21 00:00:00-04:00,205.89761352539062,178.48757934570312,443.7798156738281,189.0800018310547,183.00999450683594
2024-06-24 00:00:00-04:00,206.5426025390625,178.08016967773438,441.6980285644531,185.57000732421875,182.5800018310547
2024-06-25 00:00:00-04:00,207.46546936035156,182.85958862304688,444.9342346191406,186.33999633789062,187.35000610351562
2024-06-26 00:00:00-04:00,211.61337280273438,182.7105255126953,446.1280517578125,193.61000061035156,196.3699951171875
2024-06-27 00:00:00-04:00,212.4568328857422,184.2307891845703,446.8089294433594,197.85000610351562,197.4199981689453
2024-06-28 00:00:00-04:00,209.00355529785156,180.99151611328125,440.9875793457031,193.25,197.8800048828125
2024-07-01 00:00:00-04:00,215.08653259277344,181.82620239257812,450.63714599609375,197.1999969482422,209.86000061035156
2024-07-02 00:00:00-04:00,218.5795135498047,184.0618896484375,453.15313720703125,200.0,231.25999450683594
2024-07-03 00:00:00-04:00,219.8496856689453,184.63819885253906,454.6231994628906,197.58999633789062,246.38999938964844
2024-07-05 00:00:00-04:00,224.60292053222656,189.38778686523438,461.3226318359375,200.0,251.52000427246094
2024-07-08 00:00:00-04:00,226.07154846191406,187.82777404785156,460.020263671875,199.2899932861328,252.94000244140625
2024-07-09 00:00:00-04:00,226.9249725341797,187.778076171875,453.4096374511719,199.33999633789062,262.3299865722656
2024-07-10 00:00:00-04:00,231.1919403076172,189.96408081054688,460.0301208496094,199.7899932861328,263.260009765625
2024-07-11 00:00:00-04:00,225.82350158691406,184.38978576660156,448.63421630859375,195.0500030517578,241.02999877929688
2024-07-12 00:00:00-04:00,228.77066040039062,183.89295959472656,447.4995422363281,194.49000549316406,248.22999572753906
2024-07-15 00:00:00-04:00,232.6010284423828,185.3436737060547,447.904052734375,192.72000122070312,252.63999938964844
2024-07-16 00:00:00-04:00,233.01783752441406,182.75025939941406,443.5233154296875,193.02000427246094,256.55999755859375
2024-07-17 00:00:00-04:00,227.1234130859375,179.86871337890625,437.60333251953125,187.92999267578125,248.5
2024-07-18 00:00:00-04:00,222.45948791503906,176.55990600585938,434.4953308105469,183.75,249.22999572753906
2024-07-19 00:00:00-04:00,222.5885009765625,176.53009033203125,431.2788391113281,183.1300048828125,239.1999969482422
2024-07-22 00:00:00-04:00,222.24118041992188,180.5145721435547,437.03106689453125,182.5500030517578,251.50999450683594
2024-07-23 00:00:00-04:00,223.2831268310547,180.63380432128906,438.9156494140625,186.41000366210938,246.3800048828125
2024-07-24 00:00:00-04:00,216.86277770996094,171.5321044921875,423.17840576171875,180.8300018310547,215.99000549316406
2024-07-25 00:00:00-04:00,215.82083129882812,166.21609497070312,412.8183898925781,179.85000610351562,220.25
2024-07-26 00:00:00-04:00,216.28726196289062,165.93788146972656,419.5968017578125,182.5,219.8000030517578
2024-07-29 00:00:00-04:00,216.56507873535156,168.4517822265625,421.03729248046875,183.1999969482422,232.10000610351562
2024-07-30 00:00:00-04:00,217.1207733154297,169.20697021484375,417.2781677246094,181.7100067138672,222.6199951171875
2024-07-31 00:00:00-04:00,220.3756103515625,170.44900512695312,412.76904296875,186.97999572753906,232.07000732421875
2024-08-01 00:00:00-04:00,216.6841583251953,169.67396545410156,411.545654296875,184.07000732421875,216.86000061035156
2024-08-02 00:00:00-04:00,218.17263793945312,165.6000518798828,403.0406188964844,167.89999389648438,207.6699981689453
2024-08-05 00:00:00-04:00,207.6639404296875,158.23716735839844,389.87860107421875,161.02000427246094,198.8800048828125
2024-08-06 00:00:00-04:00,205.6395721435547,157.2832794189453,394.27911376953125,161.92999267578125,200.63999938964844
2024-08-07 00:00:00-04:00,208.20970153808594,157.92913818359375,393.1148681640625,162.77000427246094,191.75999450683594
2024-08-08 00:00:00-04:00,211.67291259765625,160.99949645996094,397.31805419921875,165.8000030517578,198.83999633789062
2024-08-09 00:00:00-04:00,214.5804443359375,162.62905883789062,400.60357666015625,166.94000244140625,200.0
2024-08-12 00:00:00-04:00,216.11038208007812,161.25784301757812,401.3830261230469,166.8000030517578,197.49000549316406
2024-08-13 00:00:00-04:00,219.8260040283203,163.11593627929688,408.4870300292969,170.22999572753906,207.8300018310547
2024-08-14 00:00:00-04:00,220.27304077148438,159.3500518798828,411.2989807128906,170.10000610351562,201.3800048828125
2024-08-15 00:00:00-04:00,223.2534637451172,160.27415466308594,416.162109375,177.58999633789062,214.13999938964844
2024-08-16 00:00:00-04:00,224.5747833251953,161.923583984375,413.6316833496094,177.05999755859375,216.1199951171875
2024-08-19 00:00:00-04:00,224.41583251953125,165.6099853515625,416.6563415527344,178.22000122070312,222.72000122070312
2024-08-20 00:00:00-04:00,225.0317840576172,166.1167449951172,419.8885192871094,178.8800048828125,221.10000610351562
2024-08-21 00:00:00-04:00,224.9224853515625,164.7952117919922,419.2361755371094,180.11000061035156,223.27000427246094
2024-08-22 00:00:00-04:00,223.064697265625,162.75823974609375,410.7454833984375,176.1300048828125,210.66000366210938
2024-08-23 00:00:00-04:00,225.35963439941406,164.566650390625,411.97113037109375,177.0399932861328,220.32000732421875
2024-08-26 00:00:00-04:00,225.69740295410156,165.1032257080078,408.7092590332031,175.5,213.2100067138672
2024-08-27 00:00:00-04:00,226.5418701171875,163.6326446533203,409.0552062988281,173.1199951171875,209.2100067138672
2024-08-28 00:00:00-04:00,225.0119171142578,161.81427001953125,405.85272216796875,170.8000030517578,205.75
2024-08-29 00:00:00-04:00,228.29039001464844,160.75108337402344,408.3435363769531,172.1199951171875,206.27999877929688
2024-08-30 00:00:00-04:00,227.5055389404297,162.34092712402344,412.3171081542969,178.5,214.11000061035156
2024-09-03 00:00:00-04:00,221.3162078857422,156.3592071533203,404.7060852050781,176.25,210.60000610351562
2024-09-04 00:00:00-04:00,219.40872192382812,155.45498657226562,404.1723327636719,173.3300018310547,219.41000366210938
2024-09-05 00:00:00-04:00,220.92874145507812,156.23995971679688,403.6682434082031,177.88999938964844,230.1699981689453
2024-09-06 00:00:00-04:00,219.37890625,149.9601593017578,397.0556335449219,171.38999938964844,210.72999572753906
2024-09-09 00:00:00-04:00,219.4683380126953,147.96029663085938,401.02911376953125,175.39999389648438,216.27000427246094
2024-09-10 00:00:00-04:00,218.67355346679688,147.91053771972656,409.4111328125,179.5500030517578,226.1699981689453
2024-09-11 00:00:00-04:00,221.20692443847656,150.39793395996094,418.14892578125,184.52000427246094,228.1300048828125
2024-09-12 00:00:00-04:00,221.3162078857422,153.91015625,422.0630798339844,187.0,229.80999755859375
2024-09-13 00:00:00-04:00,221.04794311523438,156.66616821289062,425.6115417480469,186.49000549316406,230.2899932861328
2024-09-16 00:00:00-04:00,214.90830993652344,157.2631378173828,426.3529052734375,184.88999938964844,226.77999877929688
2024-09-17 00:00:00-04:00,215.37522888183594,158.5167999267578,430.1188659667969,186.8800048828125,227.8699951171875
2024-09-18 00:00:00-04:00,219.24977111816406,159.00433349609375,425.8290100097656,186.42999267578125,227.1999969482422
2024-09-19 00:00:00-04:00,227.37637329101562,161.32257080078125,433.6178894042969,189.8699951171875,243.9199981689453
2024-09-20 00:00:00-04:00,226.7107391357422,162.76527404785156,430.2374572753906,191.60000610351562,238.25
2024-09-23 00:00:00-04:00,224.99205017089844,161.03404235839844,428.4978332519531,193.8800048828125,250.0
2024-09-24 00:00:00-04:00,225.88616943359375,161.47181701660156,424.2080078125,193.9600067138672,254.27000427246094
2024-09-25 00:00:00-04:00,224.89268493652344,160.67587280273438,427.114013671875,192.52999877929688,257.0199890136719
2024-09-26 00:00:00-04:00,226.03518676757812,161.90960693359375,426.3232421875,191.16000366210938,254.22000122070312
2024-09-27 00:00:00-04:00,226.3034210205078,163.1234588623047,423.0712890625,187.97000122070312,260.4599914550781
2024-09-30 00:00:00-04:00,231.4794464111328,165.01388549804688,425.3249206542969,186.3300018310547,261.6300048828125
2024-10-01 00:00:00-04:00,224.73373413085938,166.14813232421875,415.8260498046875,185.1300048828125,258.0199890136719
2024-10-02 00:00:00-04:00,225.30001831054688,165.02381896972656,412.3072204589844,184.75999450683594,249.02000427246094
2024-10-03 00:00:00-04:00,224.19725036621094,165.02381896972656,411.7240295410156,181.9600067138672,240.66000366210938
2024-10-04 00:00:00-04:00,225.31991577148438,166.21775817871094,411.24957275390625,186.50999450683594,250.0800018310547
2024-10-07 00:00:00-04:00,220.24322509765625,162.15834045410156,404.80499267578125,180.8000030517578,240.8300018310547
2024-10-08 00:00:00-04:00,224.29661560058594,163.55128479003906,409.91522216796875,182.72000122070312,244.5
2024-10-09 00:00:00-04:00,228.0419921875,161.04397583007812,412.63336181640625,185.1699981689453,241.0500030517578
2024-10-10 00:00:00-04:00,227.5452880859375,161.2628936767578,411.0320739746094,186.64999389648438,238.77000427246094
2024-10-11 00:00:00-04:00,226.06500244140625,162.4170379638672,411.506591796875,188.82000732421875,217.8000030517578
2024-10-14 00:00:00-04:00,229.79052734375,164.1283721923828,414.2939758300781,187.5399932861328,219.16000366210938
2024-10-15 00:00:00-04:00,232.3238983154297,164.62583923339844,413.8985595703125,187.69000244140625,219.57000732421875
2024-10-16 00:00:00-04:00,230.26739501953125,164.32736206054688,411.3088684082031,186.88999938964844,221.3300018310547
2024-10-17 00:00:00-04:00,230.6349639892578,162.10858154296875,411.9019470214844,187.52999877929688,220.88999938964844
2024-10-18 00:00:00-04:00,233.4663848876953,162.59613037109375,413.3253173828125,188.99000549316406,220.6999969482422
2024-10-21 00:00:00-04:00,234.93670654296875,163.24285888671875,413.9381408691406,189.07000732421875,218.85000610351562
2024-10-22 00:00:00-04:00,234.32077026367188,164.30743408203125,422.5671691894531,189.6999969482422,217.97000122070312
2024-10-23 00:00:00-04:00,229.2540283203125,161.9593505859375,419.6908264160156,184.7100067138672,213.64999389648438
2024-10-24 00:00:00-04:00,229.06529235839844,161.89964294433594,419.8193054199219,186.3800048828125,260.4800109863281
2024-10-25 00:00:00-04:00,229.89981079101562,164.43679809570312,423.19976806640625,187.8300018310547,269.19000244140625
2024-10-28 00:00:00-04:00,231.87680053710938,165.87948608398438,421.6578063964844,188.38999938964844,262.510009765625
2024-10-29 00:00:00-04:00,232.14505004882812,168.82455444335938,426.95587158203125,190.8300018310547,259.5199890136719
2024-10-30 00:00:00-04:00,228.59837341308594,173.58047485351562,427.52911376953125,192.72999572753906,257.54998779296875
2024-10-31 00:00:00-04:00,224.43569946289062,170.2473602294922,401.6518859863281,186.39999389648438,249.85000610351562
2024-11-01 00:00:00-04:00,221.45529174804688,170.42642211914062,405.6253662109375,197.92999267578125,248.97999572753906
2024-11-04 00:00:00-05:00,220.56114196777344,168.3867950439453,403.7373962402344,195.77999877929688,242.83999633789062
2024-11-05 00:00:00-05:00,221.99176025390625,168.88426208496094,406.7027587890625,199.5,251.44000244140625
2024-11-06 00:00:00-05:00,221.26651000976562,175.6201171875,415.32196044921875,207.08999633789062,288.5299987792969
2024-11-07 00:00:00-05:00,225.99545288085938,179.83876037597656,420.5112609863281,210.0500030517578,296.9100036621094
2024-11-08 00:00:00-05:00,225.7269287109375,177.45086669921875,417.6546325683594,208.17999267578125,321.2200012207031
2024-11-11 00:00:00-05:00,223.01173400878906,179.44078063964844,413.1770324707031,206.83999633789062,350.0
2024-11-12 00:00:00-05:00,223.01173400878906,180.704345703125,418.1389465332031,208.91000366210938,328.489990234375
2024-11-13 00:00:00-05:00,223.89691162109375,177.97817993164062,420.283935546875,214.10000610351562,330.239990234375
2024-11-14 00:00:00-05:00,226.98007202148438,174.69482421875,421.9543762207031,211.47999572753906,311.17999267578125
2024-11-15 00:00:00-05:00,223.77755737304688,171.62039184570312,410.20184326171875,202.61000061035156,320.7200012207031
2024-11-18 00:00:00-05:00,226.78115844726562,174.41624450683594,410.95306396484375,201.6999969482422,338.739990234375
2024-11-19 00:00:00-05:00,227.0397491455078,177.2220001220703,412.9595947265625,204.61000061035156,346.0
2024-11-20 00:00:00-05:00,227.75584411621094,175.09278869628906,410.6861267089844,202.8800048828125,342.0299987792969
2024-11-21 00:00:00-05:00,227.27845764160156,166.784912109375,408.913330078125,198.3800048828125,339.6400146484375
2024-11-22 00:00:00-05:00,228.62110900878906,163.9293670654297,413.00372314453125,197.1199951171875,352.55999755859375
2024-11-25 00:00:00-05:00,231.6048126220703,166.80479431152344,414.776611328125,201.4499969482422,338.5899963378906
2024-11-26 00:00:00-05:00,233.7829132080078,168.2673797607422,423.8883972167969,207.86000061035156,338.2300109863281
2024-11-27 00:00:00-05:00,233.6536102294922,168.3768310546875,418.93634033203125,205.74000549316406,332.8900146484375
2024-11-29 00:00:00-05:00,236.0406036376953,168.09823608398438,419.4018249511719,207.88999938964844,345.1600036621094
2024-12-02 00:00:00-05:00,238.2882843017578,170.6254425048828,426.84979248046875,210.7100067138672,357.0899963378906
2024-12-03 00:00:00-05:00,241.3316650390625,170.47621154785156,427.06768798828125,213.44000244140625,351.4200134277344
2024-12-04 00:00:00-05:00,241.68971252441406,173.49093627929688,433.22802734375,218.16000366210938,357.92999267578125
2024-12-05 00:00:00-05:00,241.71954345703125,171.7696533203125,438.37823486328125,220.5500030517578,369.489990234375
2024-12-06 00:00:00-05:00,241.52064514160156,173.82920837402344,439.3191223144531,227.02999877929688,389.2200012207031
2024-12-09 00:00:00-05:00,245.40939331054688,174.6858367919922,441.74560546875,226.08999633789062,389.7900085449219
2024-12-10 00:00:00-05:00,246.42385864257812,184.44761657714844,439.0813903808594,225.0399932861328,400.989990234375
2024-12-11 00:00:00-05:00,245.1508331298828,194.6376953125,444.68719482421875,230.25999450683594,424.7699890136719
2024-12-12 00:00:00-05:00,246.6128387451172,191.2111358642578,445.251708984375,228.97000122070312,418.1000061035156
2024-12-13 00:00:00-05:00,246.78189086914062,189.07948303222656,442.983642578125,227.4600067138672,436.2300109863281
2024-12-16 00:00:00-05:00,249.67608642578125,195.89279174804688,447.26226806640625,232.92999267578125,463.0199890136719
2024-12-17 00:00:00-05:00,252.10281372070312,194.6576385498047,450.104736328125,231.14999389648438,479.8599853515625
2024-12-18 00:00:00-05:00,246.70233154296875,187.66502380371094,433.1983337402344,220.52000427246094,440.1300048828125
2024-12-19 00:00:00-05:00,248.43287658691406,187.77459716796875,432.8417663574219,223.2899932861328,436.1700134277344
2024-12-20 00:00:00-05:00,253.1073760986328,190.66326904296875,432.4158935546875,224.9199981689453,421.05999755859375
2024-12-23 00:00:00-05:00,253.8831329345703,193.87071228027344,431.078857421875,225.05999755859375,430.6000061035156
2024-12-24 00:00:00-05:00,256.7972106933594,195.34495544433594,435.1197204589844,229.0500030517578,462.2799987792969
2024-12-26 00:00:00-05:00,257.6127014160156,194.83694458007812,433.9114074707031,227.0500030517578,454.1300048828125
2024-12-27 00:00:00-05:00,254.2013702392578,192.00799560546875,426.404052734375,223.75,431.6600036621094
2024-12-30 00:00:00-05:00,250.8297882080078,190.4939422607422,420.7586975097656,221.3000030517578,417.4100036621094
